{
  "original_gb": 6.343924045562744,
  "quantized_gb": 5.40540075302124,
  "reduction_gb": 0.9385232925415039,
  "reduction_percent": 14.794049957107447
}