{
  "loss": 0.7973745912313461,
  "mae": 0.8040846586227417,
  "rmse": 0.8860690295696259,
  "accuracy_0.1": 0.0,
  "accuracy_0.05": 0.0,
  "accuracy_0.01": 0.0,
  "individual_accuracies": {
    "linear_x": {
      "0.1": 0.0,
      "0.05": 0.0,
      "0.01": 0.0
    },
    "linear_y": {
      "0.1": 0.0,
      "0.05": 0.0,
      "0.01": 0.0
    }
  },
  "num_samples": 15,
  "model_config": {
    "use_vision_resampler": true,
    "action_dim": 2,
    "hidden_dim": 512,
    "dropout": 0.2
  }
}