{
  "frozen_stats": {
    "context_mean": -0.010298056527972221,
    "context_std": 0.1534496247768402,
    "context_shape": [
      50,
      8,
      64,
      2048
    ],
    "prediction_mean": 0.4157111942768097,
    "prediction_std": 0.7613318562507629
  }
}