{
  "mobile_vla": {
    "name": "Mobile-VLA",
    "shape": [
      10,
      8,
      64,
      2048
    ],
    "mean": -0.009063501842319965,
    "std": 0.14192210137844086,
    "min": -2.9843225479125977,
    "max": 3.54840087890625,
    "norm": 460.2285461425781
  },
  "note": "RoboVLMs context extraction TODO"
}