{
  "individual_models": {
    "best_lstm": {
      "mae": 0.2935,
      "val_loss": 0.2474,
      "train_mae": 0.2865,
      "model_size_gb": 6.98,
      "features": [
        "Vision Resampler",
        "CLIP Normalization",
        "3D Action"
      ]
    },
    "best_mlp": {
      "mae": 0.442,
      "val_loss": 0.2202,
      "train_mae": 0.4418,
      "model_size_gb": 6.22,
      "features": [
        "Kosmos2",
        "MLP Head"
      ]
    }
  },
  "ensemble_scenarios": {
    "Equal_Weight": {
      "mae": 0.36775,
      "val_loss": 0.2338,
      "train_mae": 0.36415,
      "model_size_gb": 6.98,
      "lstm_weight": 0.5,
      "mlp_weight": 0.5,
      "description": "\ub3d9\uc77c \uac00\uc911\uce58 (50:50)",
      "improvement_over_lstm": -25.29812606473596,
      "improvement_over_mlp": 16.798642533936647
    },
    "LSTM_Favored": {
      "mae": 0.33804999999999996,
      "val_loss": 0.23924,
      "train_mae": 0.33309,
      "model_size_gb": 6.98,
      "lstm_weight": 0.7,
      "mlp_weight": 0.3,
      "description": "LSTM \uc6b0\uc120 (70:30)",
      "improvement_over_lstm": -15.17887563884156,
      "improvement_over_mlp": 23.51809954751132
    },
    "MLP_Favored": {
      "mae": 0.39744999999999997,
      "val_loss": 0.22836,
      "train_mae": 0.39520999999999995,
      "model_size_gb": 6.98,
      "lstm_weight": 0.3,
      "mlp_weight": 0.7,
      "description": "MLP \uc6b0\uc120 (30:70)",
      "improvement_over_lstm": -35.41737649063032,
      "improvement_over_mlp": 10.079185520361998
    },
    "Performance_Based": {
      "mae": 0.3529,
      "val_loss": 0.23652,
      "train_mae": 0.34862,
      "model_size_gb": 6.98,
      "lstm_weight": 0.6,
      "mlp_weight": 0.4,
      "description": "\uc131\ub2a5 \uae30\ubc18 (60:40)",
      "improvement_over_lstm": -20.23850085178876,
      "improvement_over_mlp": 20.158371040723985
    },
    "Optimal_Weight": {
      "mae": 0.345475,
      "val_loss": 0.23788,
      "train_mae": 0.340855,
      "model_size_gb": 6.98,
      "lstm_weight": 0.65,
      "mlp_weight": 0.35,
      "description": "\ucd5c\uc801 \uac00\uc911\uce58 (65:35)",
      "improvement_over_lstm": -17.70868824531516,
      "improvement_over_mlp": 21.838235294117652
    }
  },
  "best_scenario": {
    "name": "LSTM_Favored",
    "result": {
      "mae": 0.33804999999999996,
      "val_loss": 0.23924,
      "train_mae": 0.33309,
      "model_size_gb": 6.98,
      "lstm_weight": 0.7,
      "mlp_weight": 0.3,
      "description": "LSTM \uc6b0\uc120 (70:30)",
      "improvement_over_lstm": -15.17887563884156,
      "improvement_over_mlp": 23.51809954751132
    }
  },
  "performance_analysis": {
    "lstm_mae": 0.2935,
    "mlp_mae": 0.442,
    "ensemble_mae": 0.33804999999999996,
    "lstm_vs_ensemble": 15.17887563884156,
    "mlp_vs_ensemble": -23.51809954751132
  }
}