{
  "train_loss": [
    0.6264301041762034,
    0.563519470890363,
    0.6521874278783798,
    0.4939771741628647,
    0.5466916213432947,
    0.4840323984622955,
    0.49789037307103473,
    0.43832240949074425,
    0.4976903249820073,
    0.4578147952755292,
    0.4876641852160295,
    0.5136148273944855,
    0.46141713534792267,
    0.4485256105661392,
    0.47130142748355863
  ],
  "val_loss": [
    0.5646348670125008,
    0.4511951878666878,
    0.4568195268511772,
    0.45783455669879913,
    0.4338383078575134,
    0.42888542264699936,
    0.4369965195655823,
    0.43646933883428574,
    0.421235091984272,
    0.41376521438360214,
    0.4198678582906723,
    0.4072722867131233,
    0.4037049040198326,
    0.40206724405288696,
    0.40151310712099075
  ],
  "learning_rate": [
    0.0001,
    9.890738003669029e-05,
    9.567727288213005e-05,
    9.045084971874738e-05,
    8.345653031794292e-05,
    7.500000000000001e-05,
    6.545084971874738e-05,
    5.522642316338269e-05,
    4.4773576836617344e-05,
    3.454915028125264e-05,
    2.5000000000000018e-05,
    1.654346968205711e-05,
    9.549150281252635e-06,
    4.322727117869952e-06,
    1.092619963309716e-06
  ]
}