{
    "timestamp": "2026-01-02 13:27:19",
    "memory_stats": {
        "step": [],
        "cpu": [],
        "gpu": []
    },
    "trajectory_stats": {
        "step": [
            1,
            2,
            3,
            4,
            5,
            6,
            7,
            8,
            9,
            10,
            11,
            12,
            13,
            14,
            15,
            16,
            17,
            18
        ],
        "x": [
            0.0,
            -4.73828125,
            -9.37109375,
            -14.09375,
            -18.68359375,
            -23.44140625,
            -28.109375,
            -32.8515625,
            -37.47265625,
            -42.2265625,
            -46.8828125,
            -51.66796875,
            -56.37890625,
            -61.171875,
            -65.88671875,
            -70.6953125,
            -75.421875,
            -80.21875,
            -84.9375
        ],
        "y": [
            0.0,
            3.6328125,
            7.28515625,
            10.888671875,
            14.451171875,
            18.037109375,
            21.59375,
            25.203125,
            28.8046875,
            32.421875,
            36.037109375,
            39.611328125,
            43.177734375,
            46.744140625,
            50.2890625,
            53.888671875,
            57.498046875,
            61.0703125,
            64.609375
        ],
        "action_x": [
            -4.73828125,
            -4.6328125,
            -4.72265625,
            -4.58984375,
            -4.7578125,
            -4.66796875,
            -4.7421875,
            -4.62109375,
            -4.75390625,
            -4.65625,
            -4.78515625,
            -4.7109375,
            -4.79296875,
            -4.71484375,
            -4.80859375,
            -4.7265625,
            -4.796875,
            -4.71875
        ],
        "action_y": [
            3.6328125,
            3.65234375,
            3.603515625,
            3.5625,
            3.5859375,
            3.556640625,
            3.609375,
            3.6015625,
            3.6171875,
            3.615234375,
            3.57421875,
            3.56640625,
            3.56640625,
            3.544921875,
            3.599609375,
            3.609375,
            3.572265625,
            3.5390625
        ]
    }
}