{
  "train_loss": [
    0.0,
    0.0,
    0.0,
    0.0,
    0.0
  ],
  "train_mae": [
    0.0,
    0.0,
    0.0,
    0.0,
    0.0
  ],
  "val_loss": [
    0.0,
    0.0,
    0.0,
    0.0,
    0.0
  ],
  "val_mae": [
    0.0,
    0.0,
    0.0,
    0.0,
    0.0
  ],
  "learning_rates": [
    0.0001,
    9.045084971874738e-05,
    6.545084971874737e-05,
    3.454915028125263e-05,
    9.549150281252631e-06
  ]
}