{
  "train_losses": [
    0.07042868659590129,
    0.06370406428834906,
    0.06276959884497854,
    0.06361578542877126,
    0.06245859381225374,
    0.06222569373332792,
    0.06288756278377992,
    0.06188420461559737,
    0.06171213014534226,
    0.06153729102677769,
    0.061357732586286684,
    0.062253781076934606,
    0.06101972940895292,
    0.06170656062938549,
    0.06066846681965722
  ],
  "val_losses": [
    0.06422571217020352,
    0.0640468302493294,
    0.06387695887436469,
    0.06374505783120792,
    0.06356581129754584,
    0.06340969447046518,
    0.06323780569558342,
    0.0630687369654576,
    0.06290293609102567,
    0.06273006120075782,
    0.06257175623128812,
    0.06239628791809082,
    0.06220989332844814,
    0.06206107512116432,
    0.06190003206332525
  ],
  "val_maes": [
    0.6922571063041687,
    0.6904682964086533,
    0.6887696012854576,
    0.6874505678812662,
    0.6856581022342046,
    0.6840969199935595,
    0.682378018895785,
    0.6806873828172684,
    0.6790293579300245,
    0.6773006121317545,
    0.6757175599535307,
    0.6739628960688909,
    0.6720989222327868,
    0.6706107209126154,
    0.6690003102024397
  ],
  "best_mae": 0.6690003102024397,
  "final_epoch": 15,
  "training_config": {
    "model_type": "Simplified2DActionModel",
    "hidden_dim": 256,
    "action_dim": 2,
    "dropout": 0.4,
    "learning_rate": 5e-05,
    "weight_decay": 0.001,
    "batch_size": 2
  }
}