{
  "intra_class": {
    "FT": {
      "left_left": {
        "mean": 1.3370731923065225e-05,
        "std": 0.00097704244027406
      },
      "right_right": {
        "mean": 2.459085900877937e-05,
        "std": 0.0009821261818540314
      }
    },
    "NoFT": {
      "left_left": {
        "mean": -3.7273219874048925e-06,
        "std": 0.0010046238959188864
      },
      "right_right": {
        "mean": -1.3865008622163281e-05,
        "std": 0.0010194505607397928
      }
    }
  },
  "inter_class": {
    "FT": {
      "left_right": {
        "mean": -6.894369377913234e-06,
        "std": 0.0009956780769550498
      },
      "separation": 2.026510130097846e-05
    },
    "NoFT": {
      "left_right": {
        "mean": -9.997634952624068e-07,
        "std": 0.000997751494233871
      },
      "separation": -2.727558492142486e-06
    }
  },
  "delta": {
    "left": {
      "mean": 8.249540207039052e-05,
      "std": 0.0010460257964689179
    },
    "right": {
      "mean": -8.303431638103653e-05,
      "std": 0.000976646360143627
    }
  },
  "summary": {
    "noFT_separation": -2.727558492142486e-06,
    "FT_separation": 2.026510130097846e-05,
    "improvement": 2.2992659793120946e-05,
    "latent_change": 8.249540207039052e-05
  }
}