{
  "loss": 0.7542292773723602,
  "mae": 0.6414722874760628,
  "rmse": 0.8637648671865463,
  "accuracy_0.1": 0.0,
  "accuracy_0.05": 0.0,
  "accuracy_0.01": 0.0,
  "individual_accuracies": {
    "linear_x": {
      "0.1": 0.1875,
      "0.05": 0.0,
      "0.01": 0.0
    },
    "linear_y": {
      "0.1": 0.625,
      "0.05": 0.0,
      "0.01": 0.0
    }
  },
  "num_samples": 16,
  "model_config": {
    "use_vision_resampler": true,
    "action_dim": 2,
    "hidden_dim": 512,
    "dropout": 0.2
  }
}