{
  "train_loss": [
    0.41631064216295877,
    0.20317158090571563,
    0.3222881498436133,
    0.26681420554717383,
    0.2215208305666844
  ],
  "train_mae": [
    0.4431423008441925,
    0.2743293449282646,
    0.34979140758514404,
    0.3262813995281855,
    0.28653910060723625
  ],
  "val_loss": [
    0.32561712339520454,
    0.36503653787076473,
    0.37575479596853256,
    0.247421660926193,
    0.3149050213396549
  ],
  "val_mae": [
    0.4202507361769676,
    0.35286181792616844,
    0.4054607227444649,
    0.29353979602456093,
    0.34496673941612244
  ],
  "learning_rate": [
    9.045084971874738e-05,
    6.545084971874737e-05,
    3.454915028125263e-05,
    9.549150281252631e-06,
    0.0
  ]
}