{
  "generalization": {
    "sample_means": [
      -0.010249737650156021,
      -0.010209592990577221,
      -0.010315228253602982,
      -0.010330023244023323,
      -0.010077247396111488,
      -0.01032389048486948,
      -0.00997054111212492,
      -0.010061847977340221,
      -0.010186048224568367,
      -0.010296348482370377,
      -0.010112900286912918,
      -0.010157851502299309,
      -0.009809180162847042,
      -0.009984487667679787,
      -0.010118193924427032,
      -0.009872357361018658,
      -0.01011144183576107,
      -0.010036823339760303,
      -0.01020097453147173,
      -0.010165172629058361,
      -0.010071821510791779,
      -0.009996739216148853,
      -0.010267956182360649,
      -0.010230548679828644,
      -0.010139134712517262,
      -0.010740567930042744,
      -0.010178069584071636,
      -0.010570251382887363,
      -0.010407286696135998,
      -0.010420785285532475,
      -0.010626518167555332,
      -0.010801002383232117,
      -0.010457434691488743,
      -0.01000285055488348,
      -0.010596361942589283,
      -0.010255818255245686,
      -0.010277023538947105,
      -0.010769720189273357,
      -0.010584981180727482,
      -0.010241882875561714,
      -0.010728842578828335,
      -0.010269791819155216,
      -0.01022067666053772,
      -0.010142438113689423,
      -0.010595284402370453,
      -0.010668233036994934,
      -0.010594910942018032,
      -0.010560543276369572,
      -0.010339715518057346,
      -0.010555734857916832
    ],
    "sample_stds": [
      0.15069709718227386,
      0.1472831517457962,
      0.1526774764060974,
      0.15084806084632874,
      0.14794209599494934,
      0.15269650518894196,
      0.15019458532333374,
      0.15067711472511292,
      0.14669156074523926,
      0.15374571084976196,
      0.15297499299049377,
      0.1502356082201004,
      0.1473432034254074,
      0.1468634307384491,
      0.15070930123329163,
      0.14835160970687866,
      0.15024679899215698,
      0.14507107436656952,
      0.15115328133106232,
      0.1474534273147583,
      0.14564849436283112,
      0.14558538794517517,
      0.14981916546821594,
      0.15190473198890686,
      0.15187054872512817,
      0.15935273468494415,
      0.15279988944530487,
      0.16249901056289673,
      0.15754421055316925,
      0.16109901666641235,
      0.15836727619171143,
      0.16377118229866028,
      0.15417826175689697,
      0.1514873504638672,
      0.15688632428646088,
      0.15166501700878143,
      0.15629605948925018,
      0.15882347524166107,
      0.15664254128932953,
      0.1498294621706009,
      0.15864433348178864,
      0.15779638290405273,
      0.15477991104125977,
      0.15186184644699097,
      0.16416113078594208,
      0.1585972011089325,
      0.16219910979270935,
      0.15941067039966583,
      0.1531853973865509,
      0.15780213475227356
    ],
    "consistency_score": 0.9762332716741754
  },
  "temporal": {
    "frame_means": [
      -0.010077538900077343,
      -0.01014533918350935,
      -0.010308907367289066,
      -0.01045519020408392,
      -0.010360823012888432,
      -0.01043089758604765,
      -0.010310265235602856,
      -0.010295489802956581
    ],
    "frame_stds": [
      0.15392760932445526,
      0.15343013405799866,
      0.153079554438591,
      0.1520068645477295,
      0.15482281148433685,
      0.1571175903081894,
      0.15402910113334656,
      0.14906112849712372
    ],
    "temporal_smoothness": 0.9999032235306697
  },
  "features": {
    "top_feature_indices": [
      1287,
      353,
      67,
      3,
      549,
      1048,
      1656,
      702,
      1995,
      1146
    ],
    "top_feature_variances": [
      0.17105288803577423,
      0.10421864688396454,
      0.0584704652428627,
      0.054697491228580475,
      0.047571584582328796,
      0.042741063982248306,
      0.04161536693572998,
      0.04081330448389053,
      0.03933708369731903,
      0.03738657757639885
    ],
    "sparsity": 0.0784082794189453
  },
  "tokens": {
    "token_means": [
      -0.007959071546792984,
      -0.011378702707588673,
      -0.012003351002931595,
      -0.011573588475584984,
      -0.011255665682256222,
      -0.010658022947609425,
      -0.01067807525396347,
      -0.011133188381791115,
      -0.0113642867654562,
      -0.010764768347144127,
      -0.010641113854944706,
      -0.01004573330283165,
      -0.011270012706518173,
      -0.011184018105268478,
      -0.010860626585781574,
      -0.011130008846521378,
      -0.010771709494292736,
      -0.009928086772561073,
      -0.01116170547902584,
      -0.009708023630082607,
      -0.00925625953823328,
      -0.01011554803699255,
      -0.01033931877464056,
      -0.010106967762112617,
      -0.010313298553228378,
      -0.010100397281348705,
      -0.010247371159493923,
      -0.010132781229913235,
      -0.010775234550237656,
      -0.01139112375676632,
      -0.010414399206638336,
      -0.01020244974642992,
      -0.0103377066552639,
      -0.009958233684301376,
      -0.009913553483784199,
      -0.009745709598064423,
      -0.010137275792658329,
      -0.010113252326846123,
      -0.010259666480123997,
      -0.011084104888141155,
      -0.008473758585751057,
      -0.0105622299015522,
      -0.009370114654302597,
      -0.009932363405823708,
      -0.010131708346307278,
      -0.009715679101645947,
      -0.009494052268564701,
      -0.009755691513419151,
      -0.010242297314107418,
      -0.010057589039206505,
      -0.010212979279458523,
      -0.010245079174637794,
      -0.010436870157718658,
      -0.00980253517627716,
      -0.010294221341609955,
      -0.010543745011091232,
      -0.01033854205161333,
      -0.009872633032500744,
      -0.01035128440707922,
      -0.009737193584442139,
      -0.009965711273252964,
      -0.009781334549188614,
      -0.009785741567611694,
      -0.009557805955410004
    ],
    "token_vars": [
      0.02689042128622532,
      0.037809353321790695,
      0.041763726621866226,
      0.030923185870051384,
      0.04437664896249771,
      0.049344826489686966,
      0.05708150565624237,
      0.0417017936706543,
      0.03964238241314888,
      0.01660822704434395,
      0.03266431391239166,
      0.03276478871703148,
      0.036640167236328125,
      0.02786819450557232,
      0.025337329134345055,
      0.02796854078769684,
      0.024989699944853783,
      0.012292231433093548,
      0.02814689837396145,
      0.03516871854662895,
      0.018093788996338844,
      0.013749737292528152,
      0.014427794143557549,
      0.01456035953015089,
      0.014846962876617908,
      0.0226493738591671,
      0.014316041022539139,
      0.014281817711889744,
      0.035542167723178864,
      0.04463282227516174,
      0.04568864032626152,
      0.01443347055464983,
      0.014945690520107746,
      0.013233206234872341,
      0.012689720839262009,
      0.026510439813137054,
      0.014924388378858566,
      0.014261703938245773,
      0.01602456532418728,
      0.017885960638523102,
      0.026436183601617813,
      0.030447347089648247,
      0.020417895168066025,
      0.028538160026073456,
      0.019132938235998154,
      0.0269504114985466,
      0.024568431079387665,
      0.0155127989128232,
      0.014697245322167873,
      0.014499882236123085,
      0.014384424313902855,
      0.011949790641665459,
      0.024153433740139008,
      0.014396654441952705,
      0.02262272872030735,
      0.014256729744374752,
      0.01921188458800316,
      0.01407355535775423,
      0.0161641463637352,
      0.014149981550872326,
      0.013332010246813297,
      0.013660319149494171,
      0.012967927381396294,
      0.012757404707372189
    ],
    "diversity_score": 0.4689026378235622
  }
}