{
  "train_losses": [
    0.1319581088092592,
    0.1058861172447602,
    0.10565733619862133,
    0.1064745547870795,
    0.10620493710868889,
    0.10600131481058067,
    0.10606404435303476,
    0.1056554394049777,
    0.10587034602132109,
    0.1059478900084893,
    0.10576425803204377,
    0.10567333590653208,
    0.10571145224902365,
    0.1059197344713741,
    0.10622997830311458
  ],
  "train_maes": [
    0.28214574398265946,
    0.24674483016133308,
    0.2400116982559363,
    0.24936378871401152,
    0.24576982607444128,
    0.24172591335243648,
    0.24665066310101086,
    0.2432928942143917,
    0.24560029721922344,
    0.24678957793447706,
    0.24367817284332383,
    0.24596981952587763,
    0.2441729236808088,
    0.24217475536796781,
    0.24864044412970543
  ],
  "val_losses": [
    0.10582040933271249,
    0.10646821682651837,
    0.1056653991755512,
    0.10778280388977793,
    0.105737311558591,
    0.10596151360207134,
    0.10556085055900945,
    0.10570917071567641,
    0.10567803308367729,
    0.10552519270115429,
    0.10557912476360798,
    0.10556825105514792,
    0.10621485341754225,
    0.10597901046276093,
    0.1057793591171503
  ],
  "val_maes": [
    0.2352248972488774,
    0.2306593739324146,
    0.2453478504386213,
    0.2220009635719988,
    0.2458595260977745,
    0.23852485004398558,
    0.24479030031296942,
    0.251187726855278,
    0.25122462461392087,
    0.24229753265778223,
    0.24861702736881044,
    0.24137775599956512,
    0.2337144555317031,
    0.2417756389412615,
    0.24686191769109833
  ],
  "best_val_mae": 0.2220009635719988,
  "final_val_mae": 0.24686191769109833,
  "args": {
    "data_path": "/home/billy/25-1kp/vla/ROS_action/mobile_vla_dataset/",
    "batch_size": 2,
    "num_epochs": 15,
    "device": "cuda",
    "num_workers": 2,
    "output_dir": "simple_lstm_results_extended",
    "save_interval": 5
  }
}