{
  "total_episodes": 468,
  "total_timesteps": 8367,
  "avg_episode_length": 17.878205128205128,
  "std_episode_length": 1.3221144133640563,
  "min_episode_length": 