{
  "model_type": "Optimized_2D_Action_Model_Accurate",
  "total_samples": 72,
  "avg_loss": 0.22669252670473522,
  "avg_mae": 0.2642245988051097,
  "avg_rmse": 0.4654896060625712,
  "success_rates": {
    "linear_x_success_rates": {
      "accuracy_1": 18.055555555555554,
      "accuracy_5": 76.38888888888889,
      "accuracy_10": 90.27777777777779,
      "accuracy_20": 94.44444444444444,
      "accuracy_50": 95.83333333333334
    },
    "linear_y_success_rates": {
      "accuracy_1": 6.944444444444445,
      "accuracy_5": 13.88888888888889,
      "accuracy_10": 26.38888888888889,
      "accuracy_20": 43.05555555555556,
      "accuracy_50": 63.888888888888886
    },
    "all_dimensions_success_rates": {
      "accuracy_1": 0.0,
      "accuracy_5": 12.5,
      "accuracy_10": 26.38888888888889,
      "accuracy_20": 41.66666666666667,
      "accuracy_50": 61.111111111111114
    },
    "mean_success_rates": {
      "accuracy_1": 0.0,
      "accuracy_5": 16.666666666666664,
      "accuracy_10": 40.27777777777778,
      "accuracy_20": 59.72222222222222,
      "accuracy_50": 75.0
    },
    "weighted_success_rates": {
      "accuracy_1": 0.0,
      "accuracy_5": 25.0,
      "accuracy_10": 51.388888888888886,
      "accuracy_20": 59.72222222222222,
      "accuracy_50": 97.22222222222221
    }
  },
  "action_dim_performance": {
    "linear_x": {
      "mae": 0.07262769341468811,
      "rmse": 0.19144748151302338,
      "percentiles": {
        "25th_percentile": 0.015316061675548553,
        "50th_percentile": 0.03233051300048828,
        "75th_percentile": 0.045999616384506226,
        "90th_percentile": 0.09181149974465369,
        "95th_percentile": 0.21148463636636752,
        "99th_percentile": 1.0077472305297859
      },
      "min_error": 0.0006458759307861328,
      "max_error": 1.093766450881958,
      "std_error": 0.17713655531406403
    },
    "linear_y": {
      "mae": 0.4558214545249939,
      "rmse": 0.6455485224723816,
      "percentiles": {
        "25th_percentile": 0.09806282818317413,
        "50th_percentile": 0.22285550087690353,
        "75th_percentile": 0.8776944726705551,
        "90th_percentile": 1.2111275672912598,
        "95th_percentile": 1.2833290159702304,
        "99th_percentile": 1.3795664334297186
      },
      "min_error": 8.258223533630371e-05,
      "max_error": 1.4433956146240234,
      "std_error": 0.4571210443973541
    }
  },
  "predictions_shape": [
    72,
    2
  ],
  "targets_shape": [
    72,
    2
  ],
  "evaluation_methods": {
    "individual_dimensions": "\uac01 \ucc28\uc6d0\ubcc4 \ub3c5\ub9bd\uc801 \uc131\uacf5\ub960",
    "all_dimensions": "\ubaa8\ub4e0 \ucc28\uc6d0\uc774 \ub3d9\uc2dc\uc5d0 \uc784\uacc4\uac12 \uc774\ub0b4",
    "mean_errors": "\ub450 \ucc28\uc6d0\uc758 \ud3c9\uade0 \uc624\ucc28\uac00 \uc784\uacc4\uac12 \uc774\ub0b4",
    "weighted_mean": "\uac00\uc911 \ud3c9\uade0 \uc624\ucc28 (linear_x: 0.7, linear_y: 0.3)"
  }
}