{
  "dataset_info": {
    "total_episodes": 72,
    "total_frames": 1296,
    "avg_episode_length": 18.0,
    "episode_length_std": 0.0
  },
  "action_statistics": {
    "linear_x": {
      "mean": 0.8829089403152466,
      "std": 0.4856100082397461,
      "min": 0.0,
      "max": 1.149999976158142,
      "zero_ratio": 0.2322530864197531
    },
    "linear_y": {
      "mean": 0.07187499850988388,
      "std": 0.7798224091529846,
      "min": -1.149999976158142,
      "max": 1.149999976158142,
      "zero_ratio": 0.5362654320987654
    },
    "angular_z": {
      "mean": 0.0,
      "std": 0.0,
      "min": 0.0,
      "max": 0.0,
      "zero_ratio": 1.0
    }
  },
  "task_characteristics": {
    "z_axis_zero": true,
    "x_dominant_movement": true,
    "stationary_ratio": 0.05555555555555555,
    "direction_changes": {
      "linear_x": 0,
      "linear_y": 15,
      "angular_z": 0
    }
  },
  "augmentation_strategy": {
    "task_type": "mobile_navigation",
    "action_characteristics": {
      "z_axis_zero": 