{
  "model_type": "Fixed_RoboVLMs_Style_Without_First_Frame",
  "evaluation_type": "no_first_frame_evaluation",
  "random_frame_results": {
    "loss": 0.19771925918757915,
    "mae": 0.2405332587659359,
    "rmse": 0.42851802706718445,
    "accuracy_0.1": 60.0,
    "accuracy_0.05": 46.666666666666664,
    "accuracy_0.2": 66.66666666666666,
    "predictions": [
      [
        1.1697649955749512,
        0.26066479086875916,
        -6.562707858392969e-05
      ],
      [
        1.206295132637024,
        0.1292448192834854,
        -4.905687819700688e-05
      ],
      [
        1.202368140220642,
        0.007209558505564928,
        -3.3160875318571925e-05
      ],
      [
        0.2104066163301468,
        -0.8400667309761047,
        -8.91392664925661e-06
      ],
      [
        1.1938718557357788,
        0.06583966314792633,
        -4.037948383484036e-05
      ],
      [
        0.046945612877607346,
        -0.7239641547203064,
        -1.409967012477864e-06
      ],
      [
        1.183977484703064,
        0.2775394916534424,
        -7.062116492306814e-05
      ],
      [
        1.2068957090377808,
        0.12632711231708527,
        -4.888373950961977e-05
      ],
      [
        1.1287825107574463,
        0.4726814329624176,
        -9.986780787585303e-05
      ],
      [
        1.2017343044281006,
        0.09007105976343155,
        -4.395548967295326e-05
      ],
      [
        1.1796250343322754,
        0.2645736634731293,
        -6.766104343114421e-05
      ],
      [
        0.09678351134061813,
        -0.42804089188575745,
        2.01115217350889e-05
      ],
      [
        1.1821802854537964,
        0.27914464473724365,
        -7.079991337377578e-05
      ],
      [
        0.4572385549545288,
        0.9792082905769348,
        -5.747401883127168e-05
      ],
      [
        0.1581295132637024,
        0.8513534665107727,
        -1.9005139620276168e-05
      ]
    ],
    "targets": [
      [
        1.149999976158142,
        0.0,
        0.0
      ],
      [
        1.149999976158142,
        0.0,
        0.0
      ],
      [
        1.149999976158142,
        -1.149999976158142,
        0.0
      ],
      [
        0.0,
        -1.149999976158142,
        0.0
      ],
      [
        0.0,
        -1.149999976158142,
        0.0
      ],
      [
        0.0,
        -1.149999976158142,
        0.0
      ],
      [
        1.149999976158142,
        0.0,
        0.0
      ],
      [
        1.149999976158142,
        1.149999976158142,
        0.0
      ],
      [
        1.149999976158142,
        0.0,
        0.0
      ],
      [
        1.149999976158142,
        0.0,
        0.0
      ],
      [
        1.149999976158142,
        -1.149999976158142,
        0.0
      ],
      [
        0.0,
        -1.149999976158142,
        0.0
      ],
      [
        1.149999976158142,
        0.0,
        0.0
      ],
      [
        1.149999976158142,
        1.149999976158142,
        0.0
      ],
      [
        0.0,
        1.149999976158142,
        0.0
      ]
    ]
  },
  "middle_frame_results": {
    "loss": 0.28707820642739534,
    "mae": 0.2646177187561989,
    "rmse": 0.503977045416832,
    "accuracy_0.1": 62.22222222222222,
    "accuracy_0.05": 57.77777777777777,
    "accuracy_0.2": 71.11111111111111,
    "predictions": [
      [
        1.130726933479309,
        0.46570685505867004,
        -0.00010001935152104124
      ],
      [
        1.1909912824630737,
        -0.11907442659139633,
        -1.632061685086228e-05
      ],
      [
        0.8687893748283386,
        0.8270555138587952,
        -9.970331302611157e-05
      ],
      [
        1.163273572921753,
        0.24911737442016602,
        -6.245390977710485e-05
      ],
      [
        0.026575187221169472,
        0.7518328428268433,
        6.180638933983573e-07
      ],
      [
        1.2009105682373047,
        0.22310538589954376,
        -6.20781138422899e-05
      ],
      [
        1.1987322568893433,
        0.014163125306367874,
        -3.378773180884309e-05
      ],
      [
        0.06750840693712234,
        0.8128427267074585,
        -4.582877863867907e-06
      ],
      [
        1.1743594408035278,
        0.35468342900276184,
        -8.59569845488295e-05
      ],
      [
        1.1850248575210571,
        0.03511814400553703,
        -3.477105565252714e-05
      ],
      [
        1.154788851737976,
        0.07031799107789993,
        -3.5788842069450766e-05
      ],
      [
        1.199699878692627,
        0.17396388947963715,
        -5.374580359784886e-05
      ],
      [
        0.31669169664382935,
        0.9716043472290039,
        -4.014852675027214e-05
      ],
      [
        1.1984707117080688,
        0.12347879260778427,
        -4.7355697461171076e-05
      ],
      [
        1.1492538452148438,
        0.421456903219223,
        -9.604933438822627e-05
      ]
    ],
    "targets": [
      [
        1.149999976158142,
        0.0,
        0.0
      ],
      [
        1.149999976158142,
        0.0,
        0.0
      ],
      [
        0.0,
        1.149999976158142,
        0.0
      ],
      [
        0.0,
        -1.149999976158142,
        0.0
      ],
      [
        0.0,
        1.149999976158142,
        0.0
      ],
      [
        1.149999976158142,
        0.0,
        0.0
      ],
      [
        1.149999976158142,
        0.0,
        0.0
      ],
      [
        0.0,
        -1.149999976158142,
        0.0
      ],
      [
        1.149999976158142,
        -1.149999976158142,
        0.0
      ],
      [
        1.149999976158142,
        -1.149999976158142,
        0.0
      ],
      [
        1.149999976158142,
        1.149999976158142,
        0.0
      ],
      [
        1.149999976158142,
        0.0,
        0.0
      ],
      [
        0.0,
        1.149999976158142,
        0.0
      ],
      [
        1.149999976158142,
        0.0,
        0.0
      ],
      [
        1.149999976158142,
        0.0,
        0.0
      ]
    ]
  },
  "improvement": {
    "mae_improvement_percent": 58.24075368646946,
    "accuracy_improvement_percent": 22.724483534465122,
    "previous_mae": 0.576,
    "previous_accuracy": 48.89
  },
  "conclusion": {
    "training_success": false,
    "performance_level": "needs_improvement"
  }
}