{
  "model_type": "Optimized_2D_Action_Model",
  "total_samples": 1224,
  "avg_loss": 0.26293451908147997,
  "avg_mae": 0.2919308894551268,
  "avg_rmse": 0.48537490029934965,
  "success_rates": {
    "accuracy_10": 24.836601307189543,
    "accuracy_5": 10.375816993464053,
    "accuracy_1": 0.16339869281045752
  },
  "action_dim_performance": {
    "linear_x": {
      "mae": 0.10263808071613312,
      "rmse": 0.26477354764938354
    },
    "linear_y": {
      "mae": 0.4812237024307251,
      "rmse": 0.675102949142456
    }
  },
  "predictions_shape": [
    1224,
    2
  ],
  "targets_shape": [
    1224,
    2
  ],
  "existing_models_comparison": {
    "optimized_2d_action_model_best.pth": {
      "val_loss": 0.31125212863327995,
      "train_loss": 0.2576237727260711,
      "epoch": 8,
      "config": {
        "learning_rate": 0.0001,
        "weight_decay": 0.0001,
        "dropout": 0.2,
        "action_dim": 2,
        "use_claw_matrix": true,
        "use_hierarchical": true,
        "use_advanced_attention": true,
        "training_type": "2d_optimized"
      }
    },
    "fixed_robovlms_model_best.pth": {
      "val_loss": 3.986183969573176e-06,
      "train_loss": 0.00033339920701109805,
      "epoch": 11,
      "config": {
        "learning_rate": 0.0001,
        "weight_decay": 0.0001,
        "dropout": 0.2,
        "z_axis_weight": 0.05,
        "use_claw_matrix": true,
        "use_hierarchical": true,
        "use_advanced_attention": true
      }
    }
  },
  "evaluation_config": {
    "device": "cuda",
    "batch_size": 8,
    "data_path": "../../ROS_action/mobile_vla_dataset"
  }
}