{
  "total_actions": 1296,
  "action_dimensions": 3,
  "linear_x_stats": {
    "min": 0.0,
    "max": 1.149999976158142,
    "mean": 0.8829089403152466,
    "std": 0.4856100082397461,
    "median": 1.149999976158142
  },
  "linear_y_stats": {
    "min": -1.149999976158142,
    "max": 1.149999976158142,
    "mean": 0.07187499850988388,
    "std": 0.7798224091529846,
    "median": 0.0
  },
  "distance_stats": {
    "min": 0.0,
    "max": 1.6263456344604492,
    "mean": 1.2228399515151978,
    "std": 0.3650982975959778,
    "median": 1.149999976158142
  },
  "consecutive_distance_stats": {
    "min": 0.0,
    "max": 2.5714781284332275,
    "mean": 0.6722927093505859,
    "std": 0.6736901998519897,
    "median": 1.149999976158142
  }
}