{
  "final_train_loss": 0.45821520916499425,
  "final_val_loss": 0.42473230598949074,
  "best_val_loss": 0.4241798748885553,
  "epochs_trained": 20,
  "config": {
    "data_paths": [
      "../../ROS_action/mobile_vla_dataset",
      "augmented_dataset",
      "distance_aware_augmented_dataset"
    ],
    "batch_size": 1,
    "learning_rate": 0.0001,
    "num_epochs": 20,
    "save_interval": 2,
    "device": "cuda",
    "max_episodes": null,
    "vision_dim": 768,
    "language_dim": 768,
    "action_dim": 3,
    "fusion_dim": 512,
    "plan_dim": 256,
    "num_claw_layers": 3,
    "num_subgoals": 6,
    "frames_per_subgoal": 3,
    "use_claw_matrix": true,
    "use_hierarchical": true,
    "use_advanced_attention": true
  },
  "train_losses": [
    0.9322406092325152,
    0.6886410831363962,
    0.5678821406900623,
    0.506115705620774,
    0.4761872023213899,
    0.46441911503217104,
    0.46196430419209744,
    0.46025106499549084,
    0.45992964232852884,
    0.4596300651412864,
    0.4590620888372696,
    0.45899900300794294,
    0.45870554840200334,
    0.45858195970672705,
    0.4585184096118769,
    0.45861448974848834,
    0.45829666111146516,
    0.4579941012583445,
    0.45837074791500143,
    0.45821520916499425
  ],
  "val_losses": [
    0.7281302058790612,
    0.5717037329523582,
    0.48732646607507873,
    0.4458950171320457,
    0.4295441399174412,
    0.4254575714351624,
    0.4241798748885553,
    0.42424762542322864,
    0.42449451771777447,
    0.42473666815776523,
    0.4246188722492203,
    0.42461137250652464,
    0.42465028424901285,
    0.42485955205020004,
    0.4246886661202889,
    0.4246960357418211,
    0.4247198696211567,
    0.424724323308374,
    0.42473117631720747,
    0.42473230598949074
  ],
  "timestamp": "2025-08-21T13:20:36.663746"
}