{
  "model_name": "Advanced Mobile VLA (Claw Matrix + Hierarchical Planning + Advanced Attention)",
  "overall_mae": 0.43845584988594055,
  "overall_rmse": 0.6748752584695366,
  "overall_accuracy": 48.913677456984544,
  "avg_episode_mae": 0.4384558230169176,
  "avg_episode_rmse": 0.6517482772707184,
  "avg_episode_accuracy": 48.91367745698454,
  "num_episodes": 254,
  "total_predictions": 13716,
  "evaluation_date": "2025-08-21T13:35:38.517009"
}