{
  "timestamp": "20250821_013644",
  "model_info": {
    "model_name": "microsoft/kosmos-2-patch14-224",
    "window_size": 8,
    "chunk_size": 2,
    "action_dim": 3,
    "total_parameters": 1667636742
  },
  "metrics": {
    "overall": {
      "mae": 0.3125589191913605,
      "mse": 0.19903302192687988,
      "rmse": 0.4461311712118756,
      "r2": 0.27402299642562866,
      "mape": 38.686299324035645,
      "correlations": [
        0.6628262571871525,
        0.7324576185060895,
        0.0
      ],
      "mean_correlation": 0.46509462523108064
    },
    "per_dimension": {
      "linear_x": {
        "mae": 0.3032929301261902,
        "mse": 0.1503874659538269,
        "rmse": 0.3877982284047039,
        "r2": 0.3935225009918213
      },
      "linear_y": {
        "mae": 0.5689645409584045,
        "mse": 0.44064265489578247,
        "rmse": 0.663809200671234,
        "r2": 0.4285464882850647
      },
      "angular_z": {
        "mae": 0.0654192641377449,
        "mse": 0.006068902555853128,
        "rmse": 0.07790316139832278,
        "r2": 0.0
      }
    },
    "accuracy": {
      "acc_0.1": 35.0,
      "acc_0.05": 19.444444444444446,
      "acc_0.01": 4.444444444444445
    }
  },
  "training_info": {
    "final_loss": 