{
  "timestamp": "20250821_013723",
  "model_info": {
    "model_name": "microsoft/kosmos-2-patch14-224",
    "window_size": 8,
    "chunk_size": 2,
    "action_dim": 3,
    "total_parameters": 1667636742
  },
  "metrics": {
    "overall": {
      "mae": 0.26590418815612793,
      "mse": 0.1460498422384262,
      "rmse": 0.3821646794752574,
      "r2": 0.2179628610610962,
      "mape": 31.74404203891754,
      "correlations": [
        0.49110235454722195,
        0.6863375309372067,
        0.0
      ],
      "mean_correlation": 0.3924799618281429
    },
    "per_dimension": {
      "linear_x": {
        "mae": 0.26888519525527954,
        "mse": 0.12284724414348602,
        "rmse": 0.3504957120186865,
        "r2": 0.19614261388778687
      },
      "linear_y": {
        "mae": 0.46859028935432434,
        "mse": 0.30995991826057434,
        "rmse": 0.5567404406548659,
        "r2": 0.45774590969085693
      },
      "angular_z": {
        "mae": 0.060237057507038116,
        "mse": 0.005342388525605202,
        "rmse": 0.07309164470447496,
        "r2": 0.0
      }
    },
    "accuracy": {
      "acc_0.1": 37.77777777777778,
      "acc_0.05": 20.555555555555554,
      "acc_0.01": 5.0
    }
  },
  "training_info": {
    "final_loss": 