{
  "timestamp": "20250821_025250",
  "evaluation_type": "actual_validation",
  "validation_samples": 20,
  "real_metrics": {
    "overall": {
      "mae": 0.2607623040676117,
      "mse": 0.17660453915596008,
      "rmse": 0.42024344205856323,
      "r2": 0.331611692905426
    },
    "per_action": {
      "linear_x": {
        "mae": 0.23659363389015198,
        "mse": 0.09858355671167374,
        "rmse": 0.31398019194602966,
        "r2": 0.31846100091934204,
        "correlation": 0.6084890678429775
      },
      "linear_y": {
        "mae": 0.513888955116272,
        "mse": 0.42969417572021484,
        "rmse": 0.6555106043815613,
        "r2": 0.33691734075546265,
        "correlation": 0.5836265199282074
      },
      "angular_z": {
        "mae": 0.03180428594350815,
        "mse": 0.0015358943492174149,
        "rmse": 0.039190489798784256,
        "r2": 0,
        "correlation": 0
      }
    },
    "accuracy": {
      "acc_0.1": 48.333333333333336,
      "acc_0.05": 32.5,
      "acc_0.01": 9.166666666666666
    },
    "per_scenario": {
      "1box_right_horizontal": {
        "mae": 0.27846094965934753,
        "samples": 3
      },
      "2box_left_horizontal": {
        "mae": 0.0807909145951271,
        "samples": 1
      },
      "1box_left_vertical": {
        "mae": 0.3089715242385864,
        "samples": 3
      },
      "2box_right_horizontal": {
        "mae": 0.3092608153820038,
        "samples": 1
      },
      "2box_right_vertical": {
        "mae": 0.26567909121513367,
        "samples": 3
      },
      "1box_right_vertical": {
        "mae": 0.16259761154651642,
        "samples": 3
      },
      "1box_left_horizontal": {
        "mae": 0.3429037630558014,
        "samples": 3
      },
      "2box_left_vertical": {
        "mae": 0.24978500604629517,
        "samples": 3
      }
    }
  },
  "final_grade": "📚 Needs Improvement (C)",
  "model_info": {
    "total_parameters": 1667636742,
    "window_size": 8,
    "chunk_size": 2
  }
}