{
  "timestamp": "20250821_025247",
  "model_info": {
    "model_name": "microsoft/kosmos-2-patch14-224",
    "window_size": 8,
    "chunk_size": 2,
    "action_dim": 3,
    "total_parameters": 1667636742
  },
  "metrics": {
    "overall": {
      "mae": 0.314692884683609,
      "mse": 0.25102391839027405,
      "rmse": 0.5010228721228942,
      "r2": 0.15315109491348267,
      "mape": 40.406373143196106,
      "correlations": [
        0.5818859760566412,
        0.5227847816169389,
        0.0
      ],
      "mean_correlation": 0.3682235858911933
    },
    "per_dimension": {
      "linear_x": {
        "mae": 0.2956346571445465,
        "mse": 0.16961368918418884,
        "rmse": 0.41184182544295916,
        "r2": 0.19842296838760376
      },
      "linear_y": {
        "mae": 0.618815004825592,
        "mse": 0.5820285677909851,
        "rmse": 0.7629079681003372,
        "r2": 0.26103073358535767
      },
      "angular_z": {
        "mae": 0.029628954827785492,
        "mse": 0.0014295040164142847,
        "rmse": 0.037808782265689074,
        "r2": 0.0
      }
    },
    "accuracy": {
      "acc_0.1": 43.888888888888886,
      "acc_0.05": 32.22222222222222,
      "acc_0.01": 11.11111111111111
    }
  },
  "training_info": {
    "final_loss": 0.039676714688539505,
    "total_steps": 216
  }
}