{
  "model_type": "Fixed_RoboVLMs_Style_Single_Image",
  "evaluation_type": "realistic_with_first_frame_zero",
  "first_frame_results": {
    "loss": 4.131908610816026e-06,
    "mae": 0.0013767265481874347,
    "rmse": 0.0020406664116308093,
    "accuracy_0.1": 100.0,
    "accuracy_0.05": 100.0,
    "predictions": [
      [
        -0.0002442405675537884,
        -0.003261860692873597,
        0.0003853198140859604
      ],
      [
        -0.0006315916543826461,
        -0.003954417072236538,
        0.0003415397077333182
      ],
      [
        0.00011733598512364551,
        -0.0034517813473939896,
        0.0003035765257664025
      ],
      [
        -0.0005943659343756735,
        -0.0036936544347554445,
        0.00033123939647339284
      ],
      [
        -3.192997246515006e-05,
        -0.003441954730078578,
        0.0003412023652344942
      ],
      [
        -6.205888348631561e-05,
        -0.0032131837215274572,
        0.00033304368844255805
      ],
      [
        -0.0006803463329561055,
        -0.003889888757839799,
        0.0003582357312552631
      ],
      [
        -0.0006466264603659511,
        -0.003814755706116557,
        0.0003202345978934318
      ],
      [
        0.00034094214788638055,
        -0.0032625647727400064,
        0.0003353880310896784
      ],
      [
        0.0001821742916945368,
        -0.003631208324804902,
        0.00032855631434358656
      ],
      [
        0.00011183643800904974,
        -0.00344631215557456,
        0.0003162627399433404
      ],
      [
        -0.00011031702160835266,
        -0.0035307048819959164,
        0.0003227891866117716
      ],
      [
        0.00017846097762230784,
        -0.003322046482935548,
        0.0003731830511242151
      ],
      [
        0.00027118984144181013,
        -0.003415806218981743,
        0.00030263460939750075
      ],
      [
        0.00036610517418012023,
        -0.003238924778997898,
        0.000321224972140044
      ]
    ],
    "targets": [
      [
        0.0,
        0.0,
        0.0
      ],
      [
        0.0,
        0.0,
        0.0
      ],
      [
        0.0,
        0.0,
        0.0
      ],
      [
        0.0,
        0.0,
        0.0
      ],
      [
        0.0,
        0.0,
        0.0
      ],
      [
        0.0,
        0.0,
        0.0
      ],
      [
        0.0,
        0.0,
        0.0
      ],
      [
        0.0,
        0.0,
        0.0
      ],
      [
        0.0,
        0.0,
        0.0
      ],
      [
        0.0,
        0.0,
        0.0
      ],
      [
        0.0,
        0.0,
        0.0
      ],
      [
        0.0,
        0.0,
        0.0
      ],
      [
        0.0,
        0.0,
        0.0
      ],
      [
        0.0,
        0.0,
        0.0
      ],
      [
        0.0,
        0.0,
        0.0
      ]
    ]
  },
  "middle_frame_results": {
    "loss": 0.6614204943180084,
    "mae": 0.5756955817341805,
    "rmse": 0.8074159473180771,
    "accuracy_0.1": 48.888888888888886,
    "accuracy_0.05": 48.888888888888886,
    "predictions": [
      [
        -0.0023677542340010405,
        -0.0031115279998630285,
        0.0003691468737088144
      ],
      [
        -0.0006757473456673324,
        -0.0028548482805490494,
        0.0003509992966428399
      ],
      [
        -0.0006634400924667716,
        -0.0031637398060411215,
        0.00034068262903019786
      ],
      [
        -0.0007857345626689494,
        -0.0030196320731192827,
        0.00031831153319217265
      ],
      [
        -0.0004084338725078851,
        -0.0031322555150836706,
        0.00036255651502870023
      ],
      [
        0.00010349076910642907,
        -0.0035740796010941267,
        0.0003483918553683907
      ],
      [
        -0.0008859085501171649,
        -0.003414275823161006,
        0.0002901561965700239
      ],
      [
        -0.0011339958291500807,
        -0.0032750479876995087,
        0.0003346449520904571
      ],
      [
        -0.000906698580365628,
        -0.003461318789049983,
        0.00031177603523246944
      ],
      [
        -0.0012850257335230708,
        -0.003371472004801035,
        0.0003702160611283034
      ],
      [
        -0.0010810683015733957,
        -0.0033579659648239613,
        0.00033632584381848574
      ],
      [
        -0.0021107764914631844,
        -0.0026052275206893682,
        0.0004420926561579108
      ],
      [
        -0.0013126791454851627,
        -0.003300348063930869,
        0.0003756360965780914
      ],
      [
        -0.0010338625870645046,
        -0.0035061200615018606,
        0.00039327924605458975
      ],
      [
        -0.0009138546884059906,
        -0.003264580387622118,
        0.0003733811608981341
      ]
    ],
    "targets": [
      [
        1.149999976158142,
        1.149999976158142,
        0.0
      ],
      [
        1.149999976158142,
        -1.149999976158142,
        0.0
      ],
      [
        1.149999976158142,
        -1.149999976158142,
        0.0
      ],
      [
        1.149999976158142,
        -1.149999976158142,
        0.0
      ],
      [
        1.149999976158142,
        0.0,
        0.0
      ],
      [
        1.149999976158142,
        0.0,
        0.0
      ],
      [
        1.149999976158142,
        -1.149999976158142,
        0.0
      ],
      [
        1.149999976158142,
        1.149999976158142,
        0.0
      ],
      [
        1.149999976158142,
        -1.149999976158142,
        0.0
      ],
      [
        1.149999976158142,
        0.0,
        0.0
      ],
      [
        1.149999976158142,
        0.0,
        0.0
      ],
      [
        1.149999976158142,
        1.149999976158142,
        0.0
      ],
      [
        0.0,
        -1.149999976158142,
        0.0
      ],
      [
        1.149999976158142,
        0.0,
        0.0
      ],
      [
        1.149999976158142,
        0.0,
        0.0
      ]
    ]
  },
  "conclusion": {
    "first_frame_zero_accuracy": 100.0,
    "middle_frame_real_accuracy": 48.888888888888886,
    "model_performance": "needs_improvement"
  }
}