{
  "train_loss": [
    0.38209163347880043,
    0.3036014524598916,
    0.29503218283255894,
    0.3196485790113608,
    0.35762716432412467
  ],
  "train_mae": [
    0.42643389105796814,
    0.36253172953923546,
    0.36662362813949584,
    0.3822280098994573,
    0.4121257245540619
  ],
  "val_loss": [
    0.39707767590880394,
    0.28815067559480667,
    0.22811123728752136,
    0.27953945472836494,
    0.2995273917913437
  ],
  "val_mae": [
    0.46642933785915375,
    0.3381177484989166,
    0.3044125624001026,
    0.3369820900261402,
    0.34676411375403404
  ],
  "learning_rates": [
    0.0001,
    9.045084971874738e-05,
    6.545084971874737e-05,
    3.454915028125263e-05,
    9.549150281252631e-06
  ]
}