{
  "total_episodes": 500,
  "left_episodes": 250,
  "right_episodes": 250,
  "episode_length": {
    "mean": 18.0,
    "std": 0.0,
    "min": 18,
    "max": 18
  },
  "actions": {
    "linear_x": {
      "mean": 1.0222222805023193,
      "std": 0.36141014099121094,
      "min": 0.0,
      "max": 1.149999976158142
    },
    "linear_y": {
      "mean": -0.03194444626569748,
      "std": 0.8777459263801575,
      "min": -1.149999976158142,
      "max": 1.149999976158142
    }
  }
}