{
  "epoch0": {
    "same_dir": 0.9386603089131208,
    "diff_dir": 0.8208867104722495,
    "separation": 0.11777359844087132
  },
  "epoch1": {
    "same_dir": 0.9386603089131208,
    "diff_dir": 0.8208867104722495,
    "separation": 0.11777359844087132
  },
  "delta": 0.9999999952638058
}