{
  "epoch0": {
    "same_dir": 0.09992315157328209,
    "diff_dir": 9.984035604704733e-05,
    "separation": 0.09982331121723505
  },
  "epoch1": {
    "same_dir": 0.10013300450163362,
    "diff_dir": 6.333045871750209e-05,
    "separation": 0.10006967404291611
  },
  "delta": -6.740810684955911e-05
}